DATE,CSUSHPISA,PERMIT1,EMRATIO,HSN1F,HNFSEPUSSA,HOUST1F,COMPU1USA,TLRESCONS,GDP,HOUSTSFLAA1FQ,DRSFRMACBS,RSAHORUSQ156S
2003-07-01,133.77700000000002,1478.0,62.1,1168.0,342.0,1535.0,1424.0,454040.0,11566.669,2334.0,1.73,68.3
2003-08-01,134.969,1521.0,62.1,1206.0,346.0,1484.0,1329.0,458676.0,11635.190666666667,2341.6666666666665,1.74,68.36666666666666
2003-09-01,136.29399999999998,1533.0,62.0,1131.0,350.0,1555.0,1413.0,463954.0,11703.712333333333,2349.3333333333335,1.75,68.43333333333334
2003-10-01,137.531,1566.0,62.1,1144.0,361.0,1631.0,1479.0,475234.0,11772.234,2357.0,1.76,68.5
2003-11-01,138.79399999999998,1513.0,62.3,1093.0,366.0,1694.0,1439.0,490441.0,11822.638333333334,2359.6666666666665,1.7233333333333334,68.56666666666666
2003-12-01,140.179,1549.0,62.2,1129.0,370.0,1647.0,1434.0,508637.0,11873.042666666666,2362.3333333333335,1.6866666666666665,68.63333333333334
2004-01-01,141.64600000000002,1539.0,62.3,1165.0,374.0,1560.0,1434.0,503659.0,11923.447,2365.0,1.65,68.7
2004-02-01,143.192,1564.0,62.3,1159.0,372.0,1481.0,1447.0,505081.0,11986.569666666666,2366.6666666666665,1.6333333333333333,68.93333333333334
2004-03-01,145.059,1648.0,62.2,1276.0,381.0,1632.0,1491.0,511829.0,12049.692333333334,2368.3333333333335,1.6166666666666667,69.16666666666667
2004-04-01,146.593,1617.0,62.3,1186.0,383.0,1646.0,1645.0,517912.0,12112.815,2370.0,1.6,69.4
2004-05-01,148.186,1675.0,62.3,1241.0,383.0,1652.0,1505.0,528180.0,12176.979000000001,2371.6666666666665,1.5866666666666667,69.23333333333333
2004-06-01,149.85,1615.0,62.4,1180.0,383.0,1526.0,1521.0,533358.0,12241.143,2373.3333333333335,1.5733333333333335,69.06666666666668
2004-07-01,151.338,1620.0,62.5,1088.0,400.0,1675.0,1546.0,549031.0,12305.307,2375.0,1.56,68.9
2004-08-01,152.63299999999998,1609.0,62.4,1175.0,405.0,1691.0,1554.0,557411.0,12379.276,2390.3333333333335,1.51,68.96666666666667
2004-09-01,154.179,1586.0,62.3,1214.0,410.0,1555.0,1533.0,552375.0,12453.245,2405.6666666666665,1.46,69.03333333333333
2004-10-01,155.75,1593.0,62.3,1305.0,413.0,1660.0,1539.0,556425.0,12527.214,2421.0,1.41,69.1
2004-11-01,157.52700000000002,1572.0,62.5,1179.0,418.0,1458.0,1464.0,555944.0,12607.238,2441.3333333333335,1.4133333333333333,69.13333333333333
2004-12-01,159.33,1613.0,62.4,1242.0,422.0,1714.0,1655.0,571871.0,12687.262,2461.6666666666665,1.4166666666666665,69.16666666666667
2005-01-01,161.28799999999998,1654.0,62.4,1203.0,441.0,1739.0,1589.0,581168.0,12767.286,2482.0,1.42,69.2
2005-02-01,163.344,1630.0,62.4,1319.0,446.0,1792.0,1608.0,594003.0,12819.076000000001,2469.3333333333335,1.4633333333333334,69.03333333333333
2005-03-01,165.812,1580.0,62.4,1328.0,445.0,1583.0,1524.0,597200.0,12870.866,2456.6666666666665,1.5066666666666666,68.86666666666667
2005-04-01,167.50099999999998,1654.0,62.7,1260.0,445.0,1658.0,1626.0,603975.0,12922.656,2444.0,1.55,68.7
2005-05-01,169.351,1644.0,62.8,1286.0,450.0,1714.0,1750.0,609170.0,12995.984666666667,2448.6666666666665,1.5633333333333335,68.7
2005-06-01,171.19,1683.0,62.7,1274.0,455.0,1719.0,1679.0,622726.0,13069.313333333334,2453.3333333333335,1.5766666666666667,68.7
2005-07-01,172.86,1722.0,62.8,1389.0,464.0,1724.0,1639.0,634572.0,13142.642,2458.0,1.59,68.7
2005-08-01,174.442,1716.0,62.9,1255.0,476.0,1728.0,1649.0,639501.0,13203.162666666667,2462.3333333333335,1.6066666666666667,68.76666666666667
2005-09-01,176.438,1798.0,62.8,1244.0,487.0,1789.0,1631.0,652748.0,13263.683333333332,2466.6666666666665,1.6233333333333333,68.83333333333334
2005-10-01,178.028,1742.0,62.8,1336.0,490.0,1740.0,1618.0,664407.0,13324.204,2471.0,1.64,68.9
2005-11-01,179.68,1730.0,62.7,1214.0,502.0,1808.0,1633.0,670757.0,13415.856,2481.0,1.63,68.8
2005-12-01,180.91,1661.0,62.8,1239.0,511.0,1628.0,1662.0,676135.0,13507.508,2491.0,1.62,68.7
2006-01-01,182.321,1689.0,62.9,1174.0,523.0,1823.0,1663.0,681263.0,13599.16,2501.0,1.61,68.6
2006-02-01,183.287,1643.0,63.0,1061.0,539.0,1804.0,1742.0,684482.0,13650.581333333334,2497.3333333333335,1.6133333333333335,68.66666666666666
2006-03-01,184.364,1551.0,63.1,1116.0,552.0,1601.0,1911.0,674457.0,13702.002666666667,2493.6666666666665,1.6166666666666667,68.73333333333333
2006-04-01,184.329,1496.0,63.0,1123.0,565.0,1511.0,1737.0,656899.0,13753.424,2490.0,1.62,68.8
2006-05-01,184.156,1450.0,63.1,1086.0,565.0,1570.0,1609.0,640049.0,13792.345333333335,2482.6666666666665,1.6600000000000001,68.83333333333333
2006-06-01,183.507,1393.0,63.1,1074.0,566.0,1451.0,1742.0,621219.0,13831.266666666666,2475.3333333333335,1.7,68.86666666666667
2006-07-01,183.068,1307.0,63.0,965.0,572.0,1424.0,1654.0,604020.0,13870.188,2468.0,1.74,68.9
2006-08-01,182.594,1282.0,63.1,1035.0,566.0,1364.0,1614.0,590189.0,13926.645333333334,2486.3333333333335,1.8,68.86666666666667
2006-09-01,182.798,1218.0,63.1,1016.0,559.0,1384.0,1675.0,579753.0,13983.102666666666,2504.6666666666665,1.8599999999999999,68.83333333333333
2006-10-01,183.198,1175.0,63.3,941.0,554.0,1212.0,1559.0,567752.0,14039.56,2523.0,1.92,68.8
2006-11-01,183.609,1163.0,63.3,1003.0,543.0,1290.0,1525.0,555299.0,14098.257,2524.6666666666665,1.9733333333333334,68.7
2006-12-01,184.139,1198.0,63.4,998.0,536.0,1249.0,1509.0,551740.0,14156.954,2526.3333333333335,2.026666666666667,68.6
2007-01-01,184.517,1174.0,63.3,891.0,538.0,1130.0,1501.0,544096.0,14215.651,2528.0,2.08,68.5
2007-02-01,184.598,1136.0,63.3,828.0,544.0,1189.0,1318.0,538260.0,14277.794666666667,2521.0,2.15,68.43333333333334
2007-03-01,184.15,1147.0,63.3,833.0,545.0,1202.0,1312.0,534655.0,14339.938333333334,2514.0,2.22,68.36666666666666
2007-04-01,183.01,1058.0,63.0,887.0,548.0,1197.0,1276.0,530749.0,14402.082,2507.0,2.29,68.3
2007-05-01,181.6,1042.0,63.0,842.0,545.0,1130.0,1278.0,521499.0,14456.093666666668,2502.6666666666665,2.43,68.2
2007-06-01,180.254,995.0,63.0,793.0,542.0,1131.0,1220.0,513524.0,14510.105333333333,2498.3333333333335,2.57,68.1
2007-07-01,179.111,978.0,62.9,778.0,537.0,1042.0,1208.0,503486.0,14564.117,2494.0,2.71,68.0
2007-08-01,178.116,916.0,62.7,699.0,533.0,957.0,1241.0,488816.0,14614.430666666667,2509.0,2.84,67.93333333333334
2007-09-01,177.558,855.0,62.9,686.0,527.0,935.0,1085.0,472995.0,14664.744333333334,2524.0,2.97,67.86666666666666
2007-10-01,176.62400000000002,821.0,62.7,727.0,514.0,878.0,1138.0,455045.0,14715.058,2539.0,3.1,67.8
2007-11-01,175.14700000000002,795.0,62.9,641.0,503.0,833.0,1128.0,439144.0,14712.218,2529.3333333333335,3.2933333333333334,67.83333333333333
2007-12-01,174.342,742.0,62.7,619.0,497.0,805.0,1031.0,423699.0,14709.378,2519.6666666666665,3.486666666666667,67.86666666666667
2008-01-01,173.132,708.0,62.9,627.0,487.0,773.0,1004.0,409420.0,14706.538,2510.0,3.68,67.9
2008-02-01,171.541,664.0,62.8,593.0,477.0,724.0,930.0,393193.0,14759.592333333334,2517.6666666666665,3.9066666666666667,67.96666666666667
2008-03-01,170.053,642.0,62.7,535.0,470.0,728.0,904.0,397469.0,14812.646666666666,2525.3333333333335,4.133333333333334,68.03333333333333
2008-04-01,168.338,661.0,62.7,536.0,458.0,682.0,795.0,392801.0,14865.701,2533.0,4.36,68.1
2008-05-01,166.65900000000002,633.0,62.5,504.0,451.0,679.0,879.0,389335.0,14876.800333333333,2479.3333333333335,4.666666666666667,67.96666666666667
2008-06-01,165.017,605.0,62.4,487.0,435.0,647.0,850.0,382000.0,14887.899666666666,2425.6666666666665,4.973333333333334,67.83333333333333
2008-07-01,163.566,571.0,62.2,477.0,419.0,615.0,831.0,372755.0,14898.999,2372.0,5.28,67.7
2008-08-01,161.987,543.0,62.0,435.0,409.0,607.0,712.0,360382.0,14802.069,2385.6666666666665,5.713333333333334,67.63333333333334
2008-09-01,160.308,529.0,61.9,433.0,395.0,537.0,820.0,348206.0,14705.139000000001,2399.3333333333335,6.1466666666666665,67.56666666666666
2008-10-01,158.327,469.0,61.7,393.0,381.0,542.0,749.0,336824.0,14608.209,2413.0,6.58,67.5
2008-11-01,156.142,420.0,61.4,389.0,371.0,459.0,754.0,320284.0,14549.106666666667,2402.3333333333335,7.056666666666667,67.46666666666667
2008-12-01,153.619,364.0,61.0,377.0,353.0,403.0,686.0,301332.0,14490.004333333334,2391.6666666666665,7.533333333333333,67.43333333333334
2009-01-01,151.507,337.0,60.6,336.0,341.0,358.0,566.0,291523.0,14430.902,2381.0,8.01,67.4
2009-02-01,150.015,377.0,60.3,372.0,326.0,358.0,535.0,276113.0,14414.346666666666,2380.6666666666665,8.196666666666667,67.4
2009-03-01,148.66,361.0,59.9,339.0,311.0,353.0,545.0,262528.0,14397.791333333334,2380.3333333333335,8.383333333333333,67.4
2009-04-01,147.94899999999998,391.0,59.8,337.0,300.0,387.0,532.0,251235.0,14381.236,2380.0,8.57,67.4
2009-05-01,147.694,431.0,59.6,376.0,291.0,408.0,492.0,244399.0,14403.784666666666,2367.0,8.873333333333333,67.4
2009-06-01,148.09,458.0,59.4,393.0,280.0,482.0,507.0,245226.0,14426.333333333334,2354.0,9.176666666666668,67.4
2009-07-01,148.41,489.0,59.3,411.0,270.0,509.0,500.0,252642.0,14448.882,2341.0,9.48,67.4
2009-08-01,148.278,491.0,59.1,418.0,261.0,487.0,517.0,258774.0,14516.337666666666,2360.6666666666665,9.786666666666667,67.33333333333334
2009-09-01,148.025,477.0,58.7,386.0,252.0,510.0,481.0,262509.0,14583.793333333333,2380.3333333333335,10.093333333333334,67.26666666666667
2009-10-01,147.85,472.0,58.5,396.0,243.0,476.0,526.0,263232.0,14651.249,2400.0,10.4,67.2
2009-11-01,148.134,483.0,58.6,375.0,237.0,497.0,567.0,263973.0,14689.036,2387.3333333333335,10.76,67.2
2009-12-01,147.929,508.0,58.3,352.0,234.0,484.0,493.0,264592.0,14726.823,2374.6666666666665,11.120000000000001,67.2
2010-01-01,147.39600000000002,504.0,58.5,345.0,233.0,510.0,448.0,263680.0,14764.61,2362.0,11.48,67.2
2010-02-01,145.631,510.0,58.5,336.0,231.0,526.0,456.0,263649.0,14836.471,2374.3333333333335,11.346666666666668,67.10000000000001
2010-03-01,145.859,536.0,58.5,381.0,227.0,542.0,491.0,263220.0,14908.332,2386.6666666666665,11.213333333333333,67.0
2010-04-01,146.403,476.0,58.7,422.0,217.0,566.0,556.0,264593.0,14980.193,2399.0,11.08,66.9
2010-05-01,146.394,435.0,58.6,280.0,216.0,457.0,518.0,263020.0,15033.997666666666,2394.3333333333335,10.94,66.83333333333334
2010-06-01,145.721,425.0,58.5,305.0,212.0,445.0,684.0,261202.0,15087.802333333333,2389.6666666666665,10.8,66.76666666666667
2010-07-01,144.991,411.0,58.5,283.0,209.0,426.0,470.0,254964.0,15141.607,2385.0,10.66,66.7
2010-08-01,143.916,402.0,58.6,282.0,206.0,417.0,473.0,249367.0,15197.562666666667,2392.6666666666665,10.55,66.63333333333334
2010-09-01,143.019,404.0,58.5,317.0,201.0,449.0,484.0,249015.0,15253.518333333333,2400.3333333333335,10.44,66.56666666666666
2010-10-01,142.531,408.0,58.3,291.0,199.0,438.0,479.0,247981.0,15309.474,2408.0,10.33,66.5
2010-11-01,142.173,418.0,58.2,287.0,195.0,452.0,432.0,248808.0,15323.465333333334,2446.3333333333335,10.34,66.5
2010-12-01,142.06,447.0,58.3,326.0,190.0,429.0,454.0,248929.0,15337.456666666667,2484.6666666666665,10.35,66.5
2011-01-01,141.52100000000002,420.0,58.3,307.0,187.0,430.0,423.0,250965.0,15351.448,2523.0,10.36,66.5
2011-02-01,140.35,379.0,58.4,270.0,183.0,391.0,481.0,249760.0,15420.145,2525.6666666666665,10.423333333333334,66.33333333333333
2011-03-01,139.981,399.0,58.4,300.0,179.0,429.0,368.0,251180.0,15488.842,2528.3333333333335,10.486666666666666,66.16666666666667
2011-04-01,140.01,403.0,58.4,310.0,173.0,415.0,433.0,253897.0,15557.539,2531.0,10.55,66.0
2011-05-01,139.905,411.0,58.3,305.0,168.0,414.0,443.0,254629.0,15587.586000000001,2515.3333333333335,10.536666666666667,66.03333333333333
2011-06-01,139.862,413.0,58.2,301.0,166.0,435.0,453.0,256286.0,15617.633,2499.6666666666665,10.523333333333333,66.06666666666666
2011-07-01,139.73,416.0,58.2,296.0,166.0,432.0,488.0,257737.0,15647.68,2484.0,10.51,66.1
2011-08-01,139.309,428.0,58.3,299.0,162.0,422.0,479.0,259960.0,15712.539666666667,2500.0,10.426666666666666,66.03333333333333
2011-09-01,138.668,425.0,58.4,304.0,160.0,418.0,426.0,258293.0,15777.399333333333,2516.0,10.343333333333334,65.96666666666667
2011-10-01,137.952,439.0,58.4,316.0,158.0,439.0,438.0,260305.0,15842.259,2532.0,10.26,65.9
2011-11-01,137.15200000000002,449.0,58.6,328.0,155.0,465.0,462.0,254401.0,15917.774333333333,2536.6666666666665,10.283333333333333,65.8
2011-12-01,136.674,458.0,58.6,341.0,151.0,522.0,462.0,255090.0,15993.289666666667,2541.3333333333335,10.306666666666667,65.7
2012-01-01,136.607,462.0,58.4,335.0,149.0,518.0,392.0,259223.0,16068.805,2546.0,10.33,65.6
2012-02-01,136.533,493.0,58.5,366.0,147.0,466.0,421.0,254120.0,16114.908333333333,2528.6666666666665,10.37,65.6
2012-03-01,137.904,482.0,58.5,354.0,145.0,472.0,434.0,258662.0,16161.011666666667,2511.3333333333335,10.41,65.6
2012-04-01,139.154,485.0,58.4,354.0,144.0,504.0,494.0,265032.0,16207.115,2494.0,10.45,65.6
2012-05-01,140.155,494.0,58.5,370.0,144.0,518.0,475.0,269833.0,16244.590333333334,2491.6666666666665,10.456666666666667,65.53333333333333
2012-06-01,141.03,501.0,58.6,360.0,145.0,524.0,482.0,275699.0,16282.065666666665,2489.3333333333335,10.463333333333333,65.46666666666667
2012-07-01,141.66899999999998,522.0,58.5,369.0,142.0,517.0,474.0,279707.0,16319.541,2487.0,10.47,65.4
2012-08-01,142.279,517.0,58.4,375.0,143.0,536.0,492.0,285467.0,16353.167,2515.3333333333335,10.32,65.36666666666667
2012-09-01,142.908,562.0,58.7,385.0,144.0,594.0,512.0,292076.0,16386.793,2543.6666666666665,10.17,65.33333333333333
2012-10-01,143.6,568.0,58.8,358.0,147.0,611.0,525.0,300200.0,16420.419,2572.0,10.02,65.3
2012-11-01,144.585,568.0,58.7,392.0,150.0,569.0,513.0,302823.0,16496.342333333334,2611.0,9.926666666666666,65.26666666666667
2012-12-01,145.503,582.0,58.7,399.0,150.0,615.0,525.0,305105.0,16572.265666666666,2650.0,9.833333333333334,65.23333333333333
2013-01-01,146.827,590.0,58.6,446.0,149.0,604.0,556.0,309893.0,16648.189,2689.0,9.74,65.2
2013-02-01,147.784,612.0,58.6,447.0,152.0,651.0,578.0,314633.0,16675.021666666667,2674.6666666666665,9.6,65.16666666666667
2013-03-01,149.963,610.0,58.5,444.0,155.0,624.0,604.0,318708.0,16701.854333333333,2660.3333333333335,9.46,65.13333333333333
2013-04-01,151.519,620.0,58.6,441.0,161.0,587.0,524.0,322768.0,16728.687,2646.0,9.32,65.1
2013-05-01,152.85,623.0,58.6,428.0,163.0,608.0,549.0,327919.0,16803.737333333334,2664.3333333333335,9.1,65.13333333333333
2013-06-01,154.2,628.0,58.6,470.0,161.0,614.0,532.0,330608.0,16878.787666666667,2682.6666666666665,8.88,65.16666666666667
2013-07-01,155.60399999999998,619.0,58.7,375.0,171.0,593.0,578.0,334273.0,16953.838,2701.0,8.66,65.2
2013-08-01,156.965,635.0,58.7,381.0,175.0,631.0,571.0,341543.0,17033.231666666667,2686.0,8.540000000000001,65.16666666666667
2013-09-01,158.227,625.0,58.7,403.0,183.0,577.0,577.0,345327.0,17112.625333333333,2671.0,8.42,65.13333333333333
2013-10-01,159.24200000000002,623.0,58.3,444.0,183.0,595.0,604.0,351749.0,17192.019,2656.0,8.3,65.1
2013-11-01,160.07399999999998,642.0,58.6,446.0,184.0,699.0,601.0,358973.0,17193.925333333333,2679.6666666666665,8.123333333333333,65.03333333333333
2013-12-01,160.994,602.0,58.7,433.0,186.0,647.0,560.0,366094.0,17195.83166666667,2703.3333333333335,7.946666666666666,64.96666666666667
2014-01-01,161.92700000000002,615.0,58.8,443.0,189.0,567.0,597.0,373352.0,17197.738,2727.0,7.77,64.9
2014-02-01,162.525,609.0,58.7,420.0,187.0,594.0,629.0,368792.0,17304.661333333333,2701.6666666666665,7.656666666666666,64.86666666666667
2014-03-01,163.086,623.0,58.9,405.0,190.0,652.0,629.0,374228.0,17411.58466666667,2676.3333333333335,7.543333333333333,64.83333333333333
2014-04-01,163.393,620.0,58.9,403.0,190.0,646.0,598.0,380061.0,17518.508,2651.0,7.43,64.8
2014-05-01,163.66,627.0,58.9,451.0,194.0,652.0,622.0,381415.0,17613.748,2649.6666666666665,7.306666666666667,64.63333333333333
2014-06-01,164.06400000000002,649.0,59.0,418.0,199.0,603.0,581.0,377648.0,17708.988,2648.3333333333335,7.183333333333333,64.46666666666667
2014-07-01,164.579,648.0,59.0,402.0,207.0,656.0,630.0,377696.0,17804.228,2647.0,7.06,64.3
2014-08-01,165.215,650.0,59.0,456.0,207.0,644.0,607.0,377992.0,17840.178333333333,2657.0,6.873333333333333,64.16666666666666
2014-09-01,165.905,662.0,59.1,470.0,210.0,664.0,642.0,387364.0,17876.128666666667,2667.0,6.6866666666666665,64.03333333333333
2014-10-01,166.641,647.0,59.3,476.0,209.0,699.0,618.0,391415.0,17912.079,2677.0,6.5,63.9
2014-11-01,167.335,658.0,59.2,442.0,211.0,658.0,620.0,396871.0,17962.562333333335,2696.6666666666665,6.413333333333333,63.86666666666667
2014-12-01,168.051,670.0,59.3,497.0,210.0,720.0,660.0,406913.0,18013.045666666665,2716.3333333333335,6.326666666666667,63.83333333333333
2015-01-01,168.634,662.0,59.3,515.0,207.0,703.0,658.0,412410.0,18063.529,2736.0,6.24,63.8
2015-02-01,169.12900000000002,628.0,59.2,540.0,203.0,584.0,601.0,417214.0,18135.613999999998,2725.3333333333335,6.1000000000000005,63.699999999999996
2015-03-01,169.799,658.0,59.2,480.0,204.0,627.0,577.0,417610.0,18207.699,2714.6666666666665,5.96,63.6
2015-04-01,170.298,679.0,59.3,502.0,206.0,742.0,688.0,423031.0,18279.784,2704.0,5.82,63.5
2015-05-01,170.88,701.0,59.4,502.0,211.0,708.0,641.0,430946.0,18320.398,2685.6666666666665,5.676666666666667,63.53333333333333
2015-06-01,171.47099999999998,706.0,59.4,480.0,216.0,700.0,634.0,439934.0,18361.012,2667.3333333333335,5.533333333333333,63.56666666666667
2015-07-01,172.13299999999998,700.0,59.3,506.0,218.0,759.0,637.0,446395.0,18401.626,2649.0,5.39,63.6
2015-08-01,172.93599999999998,718.0,59.4,518.0,217.0,734.0,659.0,446045.0,18412.796333333332,2657.3333333333335,5.296666666666667,63.63333333333333
2015-09-01,173.828,711.0,59.2,456.0,224.0,746.0,663.0,454657.0,18423.966666666667,2665.6666666666665,5.203333333333333,63.66666666666667
2015-10-01,174.792,721.0,59.3,482.0,226.0,705.0,645.0,454849.0,18435.137,2674.0,5.11,63.7
2015-11-01,175.738,730.0,59.4,504.0,229.0,774.0,649.0,453590.0,18465.40233333333,2668.6666666666665,5.0,63.63333333333333
2015-12-01,176.544,719.0,59.6,546.0,232.0,765.0,709.0,459296.0,18495.667666666668,2663.3333333333335,4.890000000000001,63.56666666666667
2016-01-01,177.274,720.0,59.7,505.0,236.0,752.0,671.0,462747.0,18525.933,2658.0,4.78,63.5
2016-02-01,177.649,723.0,59.8,517.0,239.0,859.0,734.0,468727.0,18587.856,2645.3333333333335,4.716666666666667,63.36666666666667
2016-03-01,178.16400000000002,737.0,59.8,532.0,242.0,753.0,708.0,475918.0,18649.779000000002,2632.6666666666665,4.653333333333333,63.233333333333334
2016-04-01,178.766,753.0,59.7,576.0,242.0,777.0,706.0,474750.0,18711.702,2620.0,4.59,63.1
2016-05-01,179.429,748.0,59.7,571.0,241.0,753.0,721.0,475303.0,18772.014333333333,2611.0,4.52,63.2
2016-06-01,180.084,752.0,59.7,557.0,244.0,769.0,754.0,480899.0,18832.326666666668,2602.0,4.45,63.3
2016-07-01,180.834,720.0,59.8,628.0,238.0,769.0,742.0,483205.0,18892.639,2593.0,4.38,63.4
2016-08-01,181.85,751.0,59.8,575.0,240.0,734.0,745.0,487744.0,18958.219,2612.6666666666665,4.3,63.43333333333333
2016-09-01,182.823,752.0,59.7,558.0,243.0,777.0,739.0,489380.0,19023.799,2632.3333333333335,4.22,63.46666666666667
2016-10-01,183.75,769.0,59.7,575.0,249.0,859.0,766.0,503719.0,19089.379,2652.0,4.14,63.5
2016-11-01,184.759,770.0,59.7,571.0,248.0,817.0,790.0,511582.0,19152.947333333334,2644.0,4.06,63.53333333333333
2016-12-01,185.725,809.0,59.7,561.0,254.0,801.0,772.0,519253.0,19216.515666666666,2636.0,3.98,63.56666666666667
2017-01-01,186.805,790.0,59.9,573.0,257.0,785.0,790.0,517537.0,19280.084,2628.0,3.9,63.6
2017-02-01,187.313,813.0,60.0,587.0,261.0,864.0,744.0,538326.0,19332.936999999998,2624.6666666666665,3.8266666666666667,63.7
2017-03-01,187.992,824.0,60.2,632.0,265.0,836.0,780.0,534162.0,19385.79,2621.3333333333335,3.7533333333333334,63.8
2017-04-01,188.724,793.0,60.2,598.0,268.0,825.0,765.0,539294.0,19438.643,2618.0,3.68,63.9
2017-05-01,189.616,795.0,60.1,635.0,271.0,832.0,800.0,543467.0,19523.29366666667,2604.0,3.666666666666667,63.9
2017-06-01,190.513,820.0,60.1,619.0,274.0,867.0,810.0,543501.0,19607.944333333333,2590.0,3.6533333333333333,63.9
2017-07-01,191.45,818.0,60.2,572.0,277.0,841.0,841.0,548458.0,19692.595,2576.0,3.64,63.9
2017-08-01,192.663,817.0,60.1,556.0,281.0,867.0,746.0,548645.0,19807.426,2575.0,3.6166666666666667,63.93333333333333
2017-09-01,193.759,830.0,60.4,637.0,282.0,839.0,794.0,551170.0,19922.257,2574.0,3.5933333333333333,63.96666666666667
2017-10-01,194.805,854.0,60.1,626.0,286.0,878.0,815.0,544892.0,20037.088,2573.0,3.57,64.0
2017-11-01,195.958,860.0,60.1,711.0,287.0,924.0,808.0,569046.0,20134.243,2595.0,3.54,64.06666666666666
2017-12-01,197.178,861.0,60.1,630.0,293.0,824.0,845.0,571985.0,20231.398,2617.0,3.51,64.13333333333334
2018-01-01,198.314,854.0,60.1,590.0,293.0,872.0,850.0,577668.0,20328.553,2639.0,3.48,64.2
2018-02-01,199.227,867.0,60.4,618.0,296.0,894.0,863.0,583275.0,20412.672666666665,2609.6666666666665,3.3933333333333335,64.3
2018-03-01,199.961,848.0,60.4,679.0,297.0,875.0,831.0,578850.0,20496.792333333335,2580.3333333333335,3.3066666666666666,64.4
2018-04-01,200.655,863.0,60.4,642.0,300.0,908.0,780.0,580582.0,20580.912,2551.0,3.22,64.5
2018-05-01,201.423,860.0,60.5,662.0,301.0,970.0,886.0,583912.0,20653.518,2532.3333333333335,3.1433333333333335,64.46666666666667
2018-06-01,202.237,863.0,60.5,636.0,310.0,866.0,855.0,575560.0,20726.124,2513.6666666666665,3.066666666666667,64.43333333333334
2018-07-01,202.907,885.0,60.6,628.0,313.0,869.0,811.0,566435.0,20798.73,2495.0,2.99,64.4
2018-08-01,203.688,838.0,60.3,593.0,319.0,900.0,953.0,556962.0,20838.442333333332,2522.0,2.936666666666667,64.46666666666667
2018-09-01,204.353,857.0,60.4,595.0,325.0,875.0,855.0,556838.0,20878.154666666665,2549.0,2.8833333333333333,64.53333333333333
2018-10-01,205.12,850.0,60.5,554.0,331.0,872.0,841.0,542596.0,20917.867,2576.0,2.83,64.6
2018-11-01,205.679,847.0,60.6,625.0,334.0,781.0,802.0,544806.0,20979.955666666665,2576.3333333333335,2.7866666666666666,64.46666666666667
2018-12-01,206.169,812.0,60.6,546.0,346.0,775.0,772.0,524626.0,21042.044333333335,2576.6666666666665,2.7433333333333336,64.33333333333333
2019-01-01,206.539,798.0,60.6,591.0,346.0,925.0,918.0,523358.0,21104.133,2577.0,2.7,64.2
2019-02-01,206.848,799.0,60.7,638.0,339.0,779.0,798.0,522840.0,21197.680333333334,2540.6666666666665,2.666666666666667,64.23333333333333
2019-03-01,207.047,809.0,60.6,705.0,337.0,831.0,927.0,523775.0,21291.22766666667,2504.3333333333335,2.6333333333333333,64.26666666666667
2019-04-01,207.506,797.0,60.6,695.0,334.0,870.0,920.0,529221.0,21384.775,2468.0,2.6,64.3
2019-05-01,208.138,831.0,60.6,602.0,337.0,858.0,887.0,534709.0,21487.944,2467.0,2.546666666666667,64.43333333333334
2019-06-01,208.659,845.0,60.7,763.0,331.0,864.0,878.0,546858.0,21591.113,2466.0,2.493333333333333,64.56666666666666
2019-07-01,209.262,863.0,60.8,669.0,329.0,899.0,900.0,559252.0,21694.282,2465.0,2.44,64.7
2019-08-01,210.102,904.0,60.8,720.0,326.0,903.0,949.0,566877.0,21763.65133333333,2479.6666666666665,2.4066666666666667,64.8
2019-09-01,210.913,905.0,61.0,715.0,323.0,920.0,868.0,571274.0,21833.020666666667,2494.3333333333335,2.373333333333333,64.9
2019-10-01,211.808,937.0,61.0,721.0,319.0,898.0,953.0,575523.0,21902.39,2509.0,2.34,65.0
2019-11-01,212.805,951.0,61.0,710.0,320.0,911.0,946.0,587932.0,21837.097666666665,2505.0,2.3433333333333333,65.1
2019-12-01,213.955,937.0,61.0,693.0,323.0,1009.0,907.0,594372.0,21771.805333333334,2501.0,2.3466666666666667,65.2
2020-01-01,214.99400000000003,967.0,61.1,685.0,325.0,968.0,885.0,608167.0,21706.513,2497.0,2.35,65.3
2020-02-01,215.837,986.0,61.1,699.0,328.0,1039.0,963.0,618838.0,21108.722999999998,2483.6666666666665,2.4133333333333336,66.2
2020-03-01,216.365,873.0,59.8,609.0,332.0,879.0,881.0,626300.0,20510.933,2470.3333333333335,2.4766666666666666,67.1
2020-04-01,216.801,666.0,51.3,569.0,325.0,676.0,876.0,604385.0,19913.143,2457.0,2.54,68.0
2020-05-01,216.987,747.0,52.7,696.0,313.0,750.0,827.0,592258.0,20491.308666666668,2464.3333333333335,2.6366666666666667,67.76666666666667
2020-06-01,217.63,861.0,54.7,936.0,300.0,904.0,933.0,599178.0,21069.47433333333,2471.6666666666665,2.7333333333333334,67.53333333333333
2020-07-01,219.322,1006.0,55.2,1019.0,289.0,1012.0,949.0,619700.0,21647.64,2479.0,2.83,67.3
2020-08-01,222.424,1066.0,56.5,1029.0,284.0,1029.0,903.0,650683.0,21773.260666666665,2477.0,2.8000000000000003,66.76666666666667
2020-09-01,225.853,1143.0,56.6,988.0,283.0,1116.0,927.0,672246.0,21898.881333333335,2475.0,2.77,66.23333333333333
2020-10-01,229.781,1155.0,57.4,1027.0,281.0,1180.0,916.0,693884.0,22024.502,2473.0,2.74,65.7
2020-11-01,233.235,1166.0,57.4,863.0,287.0,1173.0,926.0,712739.0,22216.396333333334,2487.3333333333335,2.72,65.66666666666667
2020-12-01,236.521,1237.0,57.4,873.0,299.0,1311.0,951.0,734722.0,22408.290666666668,2501.6666666666665,2.7,65.63333333333333
2021-01-01,239.55900000000003,1242.0,57.5,901.0,303.0,1115.0,1022.0,758072.0,22600.185,2516.0,2.68,65.6
2021-02-01,242.325,1118.0,57.6,765.0,310.0,1050.0,981.0,752846.0,22830.910666666667,2524.0,2.6133333333333333,65.56666666666666
2021-03-01,245.402,1168.0,57.8,850.0,309.0,1227.0,1004.0,767906.0,23061.636333333336,2532.0,2.546666666666667,65.53333333333333
2021-04-01,249.055,1130.0,57.9,810.0,318.0,1043.0,1004.0,776420.0,23292.362,2540.0,2.48,65.5
2021-05-01,253.426,1118.0,58.0,715.0,332.0,1109.0,958.0,788956.0,23471.232333333333,2536.6666666666665,2.42,65.46666666666667
2021-06-01,258.381,1081.0,58.0,716.0,347.0,1173.0,917.0,801854.0,23650.10266666667,2533.3333333333335,2.36,65.43333333333334
2021-07-01,262.707,1057.0,58.4,760.0,362.0,1136.0,948.0,816412.0,23828.973,2530.0,2.3,65.4
2021-08-01,266.921,1065.0,58.6,690.0,375.0,1099.0,952.0,822881.0,24104.183,2541.6666666666665,2.293333333333333,65.43333333333334
2021-09-01,270.402,1062.0,58.8,742.0,374.0,1094.0,937.0,828998.0,24379.393,2553.3333333333335,2.2866666666666666,65.46666666666667
2021-10-01,273.769,1097.0,59.0,680.0,385.0,1087.0,944.0,838559.0,24654.603,2565.0,2.28,65.5
2021-11-01,277.251,1141.0,59.4,772.0,388.0,1231.0,954.0,862744.0,24779.440666666665,2548.3333333333335,2.2166666666666663,65.46666666666667
2021-12-01,281.393,1148.0,59.5,830.0,387.0,1217.0,1021.0,891046.0,24904.278333333335,2531.6666666666665,2.1533333333333333,65.43333333333334
2022-01-01,285.921,1242.0,59.7,810.0,394.0,1157.0,932.0,922478.0,25029.116,2515.0,2.09,65.4
2022-02-01,291.09,1199.0,59.8,773.0,397.0,1211.0,1059.0,941637.0,25200.835000000003,2508.6666666666665,2.0466666666666664,65.56666666666668
2022-03-01,296.353,1135.0,60.1,707.0,413.0,1179.0,1047.0,959067.0,25372.554,2502.3333333333335,2.0033333333333334,65.73333333333333
2022-04-01,300.55,1085.0,59.9,611.0,434.0,1176.0,1024.0,975266.0,25544.273,2496.0,1.96,65.9
2022-05-01,303.796,1033.0,60.0,636.0,441.0,1067.0,1043.0,979044.0,25694.395,2501.3333333333335,1.9233333333333333,65.93333333333334
2022-06-01,304.755,948.0,59.9,563.0,448.0,1010.0,1009.0,965400.0,25844.517,2506.6666666666665,1.8866666666666667,65.96666666666667
2022-07-01,303.714,918.0,59.9,543.0,459.0,898.0,1004.0,939588.0,25994.639,2512.0,1.85,66.0
2022-08-01,301.596,885.0,60.1,638.0,460.0,919.0,1020.0,917150.0,26132.560999999998,2497.3333333333335,1.8266666666666667,65.96666666666667
2022-09-01,299.38,865.0,60.1,567.0,460.0,887.0,1048.0,900993.0,26270.483,2482.6666666666665,1.8033333333333335,65.93333333333334
2022-10-01,298.922,850.0,60.0,577.0,466.0,858.0,974.0,887097.0,26408.405,2468.0,1.78,65.9
2022-11-01,298.312,795.0,59.9,582.0,455.0,804.0,1102.0,874829.0,26543.47033333333,2466.6666666666665,1.7666666666666666,65.93333333333334
2022-12-01,297.471,748.0,60.1,636.0,451.0,887.0,995.0,863102.0,26678.535666666667,2465.3333333333335,1.7533333333333334,65.96666666666667
2023-01-01,297.025,748.0,60.2,649.0,439.0,823.0,1018.0,865778.0,26813.601,2464.0,1.74,66.0
2023-02-01,297.464,796.0,60.2,625.0,437.0,835.0,1029.0,857211.0,26896.737999999998,2444.3333333333335,1.7366666666666666,65.96666666666667
2023-03-01,298.539,829.0,60.4,640.0,433.0,843.0,1035.0,856947.0,26979.875,2424.6666666666665,1.7333333333333334,65.93333333333334
2023-04-01,300.198,856.0,60.4,679.0,430.0,847.0,979.0,834713.0,27063.012,2405.0,1.73,65.9
2023-05-01,302.62,902.0,60.3,710.0,426.0,1012.0,1007.0,864027.0,27249.855666666666,2413.3333333333335,1.7266666666666666,65.93333333333334
2023-06-01,304.651,924.0,60.3,683.0,429.0,930.0,1008.0,870655.0,27436.699333333334,2421.6666666666665,1.7233333333333334,65.96666666666667
2023-07-01,306.634,930.0,60.4,736.0,431.0,988.0,1018.0,865747.0,27623.543,2430.0,1.72,66.0
